"Literacy Rate of Population Aged 15 Years and Over by Province, Urban-Rural Classification, and Sex, 2009-2024",,,,,,,,,,,,,,,,,,,,,,,,,,,,,,,,,,,,,,,,,,,,,,,,,,,,,,,,,,,,,,,,,,,,,,,,,,,,,,,
,,,,,,,,,,,,,,,,,,,,,,,,,,,,,,,,,,,,,,,,,,,,,,,,,,,,,,,,,,,,,,,,,,,,,,,,,,,,,,,
Province,Urban-Rural Classification,Urban,,,,,,,,,,,,,,,,,,,,,,,,,,,,,,,,,,,,,,,,,,,,,,,,,,,,,,,,,,,,,,,,,,,,,,,,,,,,,
,Sex,Male,,,,,,,,,,,,,,,,Female,,,,,,,,,,,,,,,,Male+Female,,,,,,,,,,,,,,,,,,,,,,,,,,,,,,,,,,,,,,,,,,,,,
,Year,2009,2010,2011,2012,2013,2014,2015,2016,2017,2018,2019,2020,2021,2022,2023,2024,2009,2010,2011,2012,2013,2014,2015,2016,2017,2018,2019,2020,2021,2022,2023,2024,2009,2010,2011,2012,2013,2014,2015,2016,2017,2018,2019,2020,2021,2022,2023,2024,,,,,,,,,,,,,,,,,,,,,,,,,,,,,,
Aceh,,99.34,99.08,98.82,99.08,99.37,99.22,99.40,99.64,99.46,99.67,99.78,99.69,99.69,99.59,99.69,99.48,98.55,97.90,96.79,97.06,97.69,98.19,98.32,98.45,98.69,98.72,98.98,99.12,99.17,99.26,99.19,99.04,98.93,98.48,97.79,98.06,98.52,98.70,98.86,99.04,99.07,99.20,99.38,99.41,99.43,99.42,99.44,99.25,,,,,,,,,,,,,,,,,,,,,,,,,,,,,,
Sumatera Utara,,99.33,99.34,99.12,99.56,99.56,99.91,99.80,99.84,99.83,99.81,99.86,99.76,99.82,99.80,99.73,99.75,97.80,97.91,97.87,98.13,98.84,99.37,98.99,99.24,99.42,99.41,99.43,99.53,99.46,99.29,99.36,99.00,98.54,98.62,98.48,98.84,99.19,99.63,99.39,99.54,99.62,99.61,99.65,99.64,99.64,99.54,99.54,99.37,,,,,,,,,,,,,,,,,,,,,,,,,,,,,,
Sumatera Barat,,99.39,98.88,98.51,98.90,99.27,99.71,99.80,99.58,99.79,99.55,99.63,99.68,99.70,99.74,99.83,99.79,98.64,97.84,96.57,97.55,98.28,99.47,98.82,99.01,99.14,99.21,99.28,99.20,99.27,99.27,99.20,99.43,99.01,98.34,97.52,98.21,98.76,99.59,99.30,99.29,99.46,99.38,99.45,99.44,99.48,99.50,99.51,99.60,,,,,,,,,,,,,,,,,,,,,,,,,,,,,,
Riau,,99.34,99.44,99.27,99.22,99.34,99.72,99.88,99.88,99.68,99.86,99.75,99.78,99.71,99.74,99.76,99.80,98.19,98.81,98.33,98.00,98.62,99.28,99.31,99.28,99.34,99.25,99.34,99.38,99.37,99.36,99.34,99.35,98.78,99.12,98.80,98.62,98.99,99.51,99.60,99.59,99.51,99.56,99.55,99.59,99.55,99.55,99.55,99.58,,,,,,,,,,,,,,,,,,,,,,,,,,,,,,
Jambi,,99.11,98.47,98.86,99.12,99.03,99.39,99.48,99.18,99.70,99.64,99.81,99.27,99.38,99.35,99.49,99.35,97.69,96.89,97.01,96.24,97.13,98.88,98.44,98.77,98.91,98.37,98.31,98.95,98.76,98.72,98.59,98.21,98.38,97.68,97.94,97.70,98.08,99.14,98.96,98.98,99.31,99.01,99.07,99.11,99.08,99.04,99.03,98.77,,,,,,,,,,,,,,,,,,,,,,,,,,,,,,
Sumatera Selatan,,99.23,98.71,98.89,99.04,99.07,99.44,99.32,99.58,99.82,99.76,99.72,99.73,99.71,99.56,99.82,99.62,97.08,97.85,96.30,97.54,97.34,98.29,99.17,98.51,99.20,99.24,99.44,99.37,99.45,99.43,99.23,99.13,98.12,98.28,97.59,98.28,98.20,98.87,99.24,99.04,99.51,99.50,99.58,99.55,99.58,99.50,99.52,99.37,,,,,,,,,,,,,,,,,,,,,,,,,,,,,,
Bengkulu,,98.36,99.06,99.20,98.84,99.49,99.90,99.51,99.64,99.46,99.34,99.63,99.68,99.56,99.21,99.41,99.03,95.35,97.25,96.83,97.87,98.13,99.25,98.81,98.93,98.46,98.92,98.74,98.61,98.64,98.81,98.66,98.79,96.82,98.13,98.02,98.35,98.81,99.57,99.16,99.29,98.96,99.13,99.20,99.16,99.11,99.01,99.03,98.91,,,,,,,,,,,,,,,,,,,,,,,,,,,,,,
Lampung,,98.97,98.43,98.80,98.89,99.00,98.75,99.20,98.84,99.28,99.17,99.17,99.27,99.46,99.28,99.15,98.91,97.43,95.87,96.09,96.19,96.13,98.01,96.95,97.97,97.80,97.28,97.52,97.74,97.63,97.76,97.91,98.17,98.19,97.16,97.44,97.54,97.58,98.38,98.08,98.41,98.55,98.23,98.36,98.53,98.57,98.53,98.53,98.54,,,,,,,,,,,,,,,,,,,,,,,,,,,,,,
Kepulauan Bangka Belitung,,98.85,98.33,98.61,99.04,98.33,99.05,99.01,99.55,98.97,99.02,99.54,99.10,99.23,99.19,99.36,99.31,94.69,95.48,96.55,96.13,97.06,98.38,97.99,97.72,97.91,97.65,97.81,98.22,98.09,98.33,98.24,98.23,96.73,96.96,97.62,97.64,97.72,98.72,98.52,98.67,98.46,98.36,98.73,98.68,98.69,98.77,98.80,98.77,,,,,,,,,,,,,,,,,,,,,,,,,,,,,,
Kepulauan Riau,,98.71,98.83,98.89,99.05,99.53,99.64,99.52,99.59,99.44,99.57,99.49,99.70,99.49,99.61,99.68,99.61,95.49,97.51,97.72,98.29,98.14,99.08,99.18,99.12,99.04,98.93,99.08,98.88,99.16,99.23,99.16,99.32,97.07,98.16,98.30,98.67,98.85,99.36,99.35,99.36,99.24,99.26,99.29,99.30,99.32,99.42,99.42,99.47,,,,,,,,,,,,,,,,,,,,,,,,,,,,,,
DKI Jakarta,,99.59,99.43,99.47,99.66,99.65,99.90,99.84,99.85,99.76,99.89,99.91,99.81,99.79,99.83,99.74,99.78,98.34,98.83,98.21,98.48,98.62,99.17,99.33,99.43,99.61,99.55,99.57,99.57,99.67,99.55,99.65,99.52,98.94,99.13,98.83,99.07,99.13,99.54,99.59,99.64,99.68,99.72,99.74,99.69,99.73,99.69,99.69,99.65,,,,,,,,,,,,,,,,,,,,,,,,,,,,,,
Jawa Barat,,98.54,98.53,98.12,98.44,98.73,99.21,99.16,99.12,99.35,99.34,99.25,99.46,99.42,99.15,99.26,99.10,95.82,95.91,95.28,95.72,96.38,97.75,97.87,98.00,98.27,98.12,98.22,98.24,98.26,98.20,98.09,98.38,97.18,97.22,96.71,97.11,97.57,98.49,98.52,98.57,98.81,98.73,98.75,98.87,98.85,98.68,98.68,98.74,,,,,,,,,,,,,,,,,,,,,,,,,,,,,,
Jawa Tengah,,97.13,95.91,96.05,96.12,96.81,96.62,97.49,97.49,97.89,97.58,97.36,97.39,97.23,97.54,97.74,97.69,90.59,89.91,88.83,89.63,90.35,92.81,92.38,92.83,93.46,93.07,93.28,93.36,93.78,94.18,94.03,94.41,93.73,92.83,92.36,92.81,93.50,94.67,94.88,95.11,95.64,95.28,95.32,95.37,95.51,95.85,95.85,96.02,,,,,,,,,,,,,,,,,,,,,,,,,,,,,,
DI Yogyakarta,,96.70,98.48,97.41,97.21,98.47,97.59,98.68,98.68,98.42,98.24,98.73,98.54,98.28,98.08,98.24,98.26,90.48,90.90,89.68,91.38,92.47,94.24,94.62,94.24,95.19,95.05,94.76,95.24,95.60,95.36,95.94,95.67,93.46,94.63,93.39,94.25,95.43,95.90,96.62,96.44,96.79,96.63,96.74,96.88,96.93,96.71,97.08,96.96,,,,,,,,,,,,,,,,,,,,,,,,,,,,,,
Jawa Timur,,98.87,96.61,96.44,97.12,97.27,96.18,97.58,97.61,97.76,97.27,97.30,97.49,97.49,97.47,97.94,97.98,96.02,90.76,90.02,91.36,92.05,93.26,93.02,93.40,94.12,93.29,93.78,94.13,94.14,94.66,94.42,95.70,97.45,93.62,93.14,94.19,94.61,94.69,95.26,95.47,95.91,95.24,95.54,95.81,95.81,96.06,96.15,96.82,,,,,,,,,,,,,,,,,,,,,,,,,,,,,,
Banten,,96.18,98.51,98.27,98.79,98.81,98.65,98.90,99.13,99.05,99.06,99.18,99.29,99.20,99.07,99.25,99.27,89.25,95.91,95.83,95.89,95.46,95.85,97.35,97.22,97.18,97.25,97.08,97.61,97.51,97.97,97.82,98.30,92.59,97.22,97.06,97.36,97.16,97.27,98.14,98.19,98.13,98.17,98.16,98.48,98.38,98.53,98.54,98.79,,,,,,,,,,,,,,,,,,,,,,,,,,,,,,
Bali,,96.07,95.92,96.62,96.87,97.87,98.20,98.00,98.06,98.16,98.00,98.55,98.57,98.63,98.56,98.61,98.82,87.35,88.66,87.43,89.54,90.66,93.27,92.36,92.61,93.58,93.26,95.46,95.67,95.64,96.00,95.94,95.49,91.56,92.29,91.98,93.23,94.29,95.75,95.21,95.37,95.89,95.64,97.04,97.15,97.16,97.29,97.29,97.17,,,,,,,,,,,,,,,,,,,,,,,,,,,,,,
Nusa Tenggara Barat,,89.90,89.12,91.76,91.52,92.32,93.41,93.62,93.25,94.06,93.77,93.77,92.67,92.46,92.85,93.46,94.11,78.43,81.17,82.81,83.50,84.71,87.82,87.04,86.35,87.31,86.31,86.31,87.63,87.26,89.42,89.00,89.27,83.61,84.90,86.93,87.27,88.31,90.45,90.14,89.60,90.54,89.84,89.92,90.07,89.82,91.11,91.16,91.63,,,,,,,,,,,,,,,,,,,,,,,,,,,,,,
Nusa Tenggara Timur,,98.29,98.27,96.31,98.14,97.42,97.41,98.61,98.50,98.50,97.50,98.59,98.06,98.18,98.18,98.91,97.58,96.37,96.80,94.18,95.62,96.15,95.42,97.25,96.53,96.92,96.38,97.25,97.01,97.36,97.80,97.61,97.52,97.31,97.53,95.19,96.86,96.77,96.41,97.93,97.51,97.70,96.93,97.92,97.53,97.77,97.99,98.26,97.55,,,,,,,,,,,,,,,,,,,,,,,,,,,,,,
Kalimantan Barat,,97.15,95.96,96.38,97.09,97.24,96.59,97.16,97.80,97.70,97.65,97.72,97.86,97.99,97.54,97.88,97.98,90.71,92.33,91.37,92.82,92.80,94.32,92.92,93.15,94.61,93.67,94.46,94.75,94.59,96.32,96.01,95.69,93.93,94.12,93.84,94.96,95.04,95.45,95.04,95.44,96.16,95.65,96.12,96.34,96.32,96.93,96.93,96.82,,,,,,,,,,,,,,,,,,,,,,,,,,,,,,
Kalimantan Tengah,,99.10,99.30,98.50,98.93,98.87,99.50,99.65,99.94,99.75,99.70,99.77,99.91,99.56,99.50,99.37,99.57,96.81,97.88,95.46,97.87,96.91,98.27,98.74,98.77,99.14,99.25,99.12,99.00,99.24,99.33,99.46,99.23,97.95,98.59,96.98,98.41,97.94,98.91,99.21,99.37,99.46,99.49,99.47,99.48,99.41,99.41,99.41,99.40,,,,,,,,,,,,,,,,,,,,,,,,,,,,,,
Kalimantan Selatan,,99.14,98.85,99.12,99.27,99.48,99.78,99.47,99.59,99.65,99.47,99.29,99.40,99.50,99.42,99.47,99.45,97.64,97.52,96.51,97.28,97.60,98.43,98.54,98.08,98.64,98.47,98.84,98.69,98.45,98.75,98.81,98.43,98.36,98.18,97.78,98.28,98.54,99.11,99.01,98.84,99.15,98.98,99.07,99.05,98.98,99.09,99.14,98.94,,,,,,,,,,,,,,,,,,,,,,,,,,,,,,
Kalimantan Timur,,99.15,98.66,98.81,99.13,99.36,99.72,99.54,99.64,99.60,99.53,99.57,99.60,99.38,99.59,99.74,99.54,97.08,97.70,96.92,98.01,97.99,98.96,99.09,98.98,98.77,98.91,98.94,98.80,98.98,98.94,98.81,98.87,98.14,98.20,97.90,98.60,98.71,99.36,99.32,99.33,99.20,99.23,99.27,99.22,99.19,99.27,99.28,99.21,,,,,,,,,,,,,,,,,,,,,,,,,,,,,,
Kalimantan Utara,,-,-,-,-,-,-,98.18,97.33,97.61,97.23,98.57,98.56,97.70,99.38,99.08,98.81,-,-,-,-,-,-,96.60,96.26,97.02,95.74,96.70,97.00,97.83,98.39,98.72,98.20,-,-,-,-,-,-,97.43,96.82,97.33,96.53,97.68,97.82,97.76,98.91,98.91,98.51,,,,,,,,,,,,,,,,,,,,,,,,,,,,,,
Sulawesi Utara,,99.66,99.48,99.34,99.44,99.53,99.90,99.84,99.92,99.84,99.92,99.87,99.90,99.85,99.89,99.82,99.89,99.37,99.31,99.14,99.55,99.50,99.65,99.76,99.73,99.83,99.94,99.91,99.86,99.92,99.89,99.85,99.79,99.51,99.39,99.24,99.49,99.52,99.78,99.80,99.83,99.84,99.93,99.89,99.88,99.88,99.89,99.83,99.84,,,,,,,,,,,,,,,,,,,,,,,,,,,,,,
Sulawesi Tengah,,96.68,99.03,98.32,99.01,99.53,99.73,99.41,99.49,99.60,99.55,99.88,99.78,99.98,99.70,99.52,99.42,93.16,98.00,97.13,97.92,98.52,98.87,98.41,98.72,99.00,99.45,99.28,99.41,99.30,99.48,99.64,99.34,94.82,98.52,97.71,98.47,99.02,99.30,98.91,99.11,99.30,99.50,99.59,99.60,99.64,99.59,99.58,99.38,,,,,,,,,,,,,,,,,,,,,,,,,,,,,,
Sulawesi Selatan,,98.77,96.19,96.15,95.58,96.83,96.55,97.23,97.51,97.70,97.49,97.82,97.23,97.30,97.65,98.08,97.78,95.81,93.81,92.88,92.99,94.49,94.54,95.70,95.81,96.41,95.20,95.96,96.34,96.27,96.82,96.54,97.39,97.23,94.94,94.40,94.24,95.62,95.51,96.44,96.64,97.03,96.30,96.87,96.78,96.78,97.22,97.29,97.58,,,,,,,,,,,,,,,,,,,,,,,,,,,,,,
Sulawesi Tenggara,,94.95,98.06,97.16,97.73,98.86,99.53,98.61,98.49,98.04,97.76,98.44,97.95,98.52,98.26,98.52,98.25,90.90,95.03,93.30,94.95,95.12,96.97,96.26,96.76,94.81,95.65,96.48,96.12,95.65,97.12,96.89,97.53,92.87,96.52,95.18,96.31,96.96,98.23,97.41,97.62,96.41,96.70,97.48,97.05,97.10,97.68,97.68,97.89,,,,,,,,,,,,,,,,,,,,,,,,,,,,,,
Gorontalo,,99.67,97.49,97.45,97.51,98.56,99.05,98.89,98.96,98.96,99.18,99.33,99.43,99.42,99.51,99.60,99.18,98.44,97.55,97.44,97.64,98.43,99.42,98.96,98.76,99.17,99.47,99.69,99.47,99.53,99.18,99.11,99.42,99.05,97.52,97.44,97.58,98.50,99.24,98.92,98.86,99.06,99.33,99.51,99.45,99.47,99.34,99.34,99.30,,,,,,,,,,,,,,,,,,,,,,,,,,,,,,
Sulawesi Barat,,97.77,93.86,94.98,94.43,96.70,96.13,96.58,96.17,95.71,96.37,96.91,97.39,96.43,97.29,98.60,97.13,97.66,91.49,91.20,90.57,94.62,96.71,94.57,94.34,95.01,93.61,95.24,93.15,94.56,96.06,95.84,97.55,97.71,92.63,93.04,92.45,95.63,96.43,95.54,95.22,95.35,94.95,96.08,95.28,95.50,96.67,97.18,97.35,,,,,,,,,,,,,,,,,,,,,,,,,,,,,,
Maluku,,99.33,99.40,98.97,99.16,99.66,99.79,99.86,99.74,99.66,99.84,99.81,99.90,99.68,99.81,99.88,99.92,99.06,98.88,98.01,97.82,98.68,99.43,99.26,99.51,99.48,99.48,99.64,99.63,99.76,99.63,99.63,99.62,99.18,99.13,98.48,98.49,99.16,99.61,99.56,99.63,99.57,99.66,99.73,99.77,99.72,99.72,99.75,99.77,,,,,,,,,,,,,,,,,,,,,,,,,,,,,,
Maluku Utara,,99.53,99.22,99.32,99.52,99.47,99.86,99.76,99.80,99.83,99.93,99.91,99.65,99.91,99.73,99.87,99.17,97.15,98.18,98.50,98.17,98.69,99.29,99.31,99.15,99.21,99.07,99.24,99.43,99.15,99.42,99.31,99.64,98.30,98.69,98.90,98.85,99.08,99.57,99.54,99.48,99.52,99.50,99.59,99.54,99.54,99.58,99.59,99.41,,,,,,,,,,,,,,,,,,,,,,,,,,,,,,
Papua Barat,,99.36,99.44,98.21,99.67,99.61,99.92,99.32,99.64,99.66,99.54,99.49,99.30,99.51,99.24,99.62,99.55,97.25,98.47,97.87,99.11,99.00,99.32,99.41,99.24,99.59,98.65,99.32,99.00,98.84,99.53,99.36,99.57,98.31,98.97,98.05,99.41,99.32,99.64,99.37,99.45,99.63,99.12,99.41,99.16,99.19,99.38,99.49,99.56,,,,,,,,,,,,,,,,,,,,,,,,,,,,,,
Papua Barat Daya,,-,-,-,-,-,-,-,-,-,-,-,-,-,-,-,99.44,-,-,-,-,-,-,-,-,-,-,-,-,-,-,-,99.61,-,-,-,-,-,-,-,-,-,-,-,-,-,-,-,99.52,,,,,,,,,,,,,,,,,,,,,,,,,,,,,,
Papua,,98.55,98.32,98.44,97.83,98.98,99.25,94.96,98.56,97.04,98.62,99.07,99.22,99.10,98.75,99.08,99.61,96.68,96.76,96.29,95.97,96.63,98.14,93.71,96.24,96.54,97.97,98.17,97.51,97.94,98.45,98.20,98.90,97.64,97.59,97.44,96.99,97.93,98.74,94.40,97.51,96.81,98.33,98.66,98.45,98.56,98.61,98.67,99.27,,,,,,,,,,,,,,,,,,,,,,,,,,,,,,
Papua Selatan,,-,-,-,-,-,-,-,-,-,-,-,-,-,-,-,98.92,-,-,-,-,-,-,-,-,-,-,-,-,-,-,-,98.19,-,-,-,-,-,-,-,-,-,-,-,-,-,-,-,98.57,,,,,,,,,,,,,,,,,,,,,,,,,,,,,,
Papua Tengah,,-,-,-,-,-,-,-,-,-,-,-,-,-,-,-,98.97,-,-,-,-,-,-,-,-,-,-,-,-,-,-,-,99.30,-,-,-,-,-,-,-,-,-,-,-,-,-,-,-,99.12,,,,,,,,,,,,,,,,,,,,,,,,,,,,,,
Papua Pegunungan,,-,-,-,-,-,-,-,-,-,-,-,-,-,-,-,92.97,-,-,-,-,-,-,-,-,-,-,-,-,-,-,-,92.12,-,-,-,-,-,-,-,-,-,-,-,-,-,-,-,92.57,,,,,,,,,,,,,,,,,,,,,,,,,,,,,,
INDONESIA,,97.88,97.79,97.68,98.00,98.30,98.31,98.63,98.68,98.80,98.67,98.70,98.74,98.69,98.65,98.82,98.76,93.86,94.39,93.72,94.43,94.96,96.23,96.22,96.38,96.77,96.46,96.71,96.86,96.93,97.17,97.06,97.38,95.82,96.07,95.68,96.21,96.63,97.27,97.43,97.53,97.78,97.56,97.71,97.81,97.82,97.91,97.94,98.07,,,,,,,,,,,,,,,,,,,,,,,,,,,,,,
,,,,,,,,,,,,,,,,,,,,,,,,,,,,,,,,,,,,,,,,,,,,,,,,,,,,,,,,,,,,,,,,,,,,,,,,,,,,,,,
,,,,,,,,,,,,,,,,,,,,,,,,,,,,,,,,,,,,,,,,,,,,,,,,,,,,,,,,,,,,,,,,,,,,,,,,,,,,,,,
Province,Urban-Rural Classification,Rural,,,,,,,,,,,,,,,,,,,,,,,,,,,,,,,,,,,,,,,,,,,,,,,,,,,,,,,,,,,,,,,,,,,,,,,,,,,,,
,Sex,Male,,,,,,,,,,,,,,,,Female,,,,,,,,,,,,,,,,Male+Female,,,,,,,,,,,,,,,,,,,,,,,,,,,,,,,,,,,,,,,,,,,,,
,Year,2009,2010,2011,2012,2013,2014,2015,2016,2017,2018,2019,2020,2021,2022,2023,2024,2009,2010,2011,2012,2013,2014,2015,2016,2017,2018,2019,2020,2021,2022,2023,2024,2009,2010,2011,2012,2013,2014,2015,2016,2017,2018,2019,2020,2021,2022,2023,2024,,,,,,,,,,,,,,,,,,,,,,,,,,,,,,
Aceh,,97.36,97.31,97.24,97.44,97.89,98.08,98.49,98.76,98.93,98.67,98.65,98.64,98.79,98.55,98.67,98.44,93.53,95.20,92.95,93.26,94.01,95.75,95.81,95.71,96.59,96.34,96.68,96.75,96.51,96.75,96.86,97.25,95.33,96.22,95.07,95.33,95.92,96.90,97.13,97.20,97.75,97.49,97.64,97.68,97.63,97.64,97.76,97.84,,,,,,,,,,,,,,,,,,,,,,,,,,,,,,
Sumatera Utara,,97.95,97.43,97.26,97.60,98.13,98.62,98.82,98.91,99.06,99.21,99.26,99.24,99.17,99.11,99.16,99.17,93.94,94.55,93.15,94.03,94.65,96.32,97.05,97.44,97.44,97.65,97.81,97.88,98.06,97.99,98.15,98.22,95.88,95.96,95.21,95.79,96.36,97.46,97.93,98.16,98.25,98.42,98.51,98.54,98.60,98.55,98.65,98.69,,,,,,,,,,,,,,,,,,,,,,,,,,,,,,
Sumatera Barat,,97.58,97.14,97.03,97.18,97.84,98.44,98.93,99.21,99.21,99.38,99.35,99.26,99.37,99.57,99.47,99.41,93.77,95.47,93.72,94.19,95.14,96.95,97.19,97.74,97.89,98.26,98.51,98.62,98.73,98.60,98.76,98.84,95.59,96.28,95.36,95.65,96.47,97.68,98.05,98.47,98.55,98.81,98.92,98.93,99.04,99.09,99.11,99.12,,,,,,,,,,,,,,,,,,,,,,,,,,,,,,
Riau,,98.56,98.42,98.05,98.41,98.40,98.98,99.34,99.34,99.39,99.34,99.37,99.43,99.29,99.28,99.49,99.35,96.29,97.24,95.56,95.98,95.80,97.44,97.39,98.07,98.61,98.55,98.56,98.51,98.62,98.55,98.34,98.52,97.43,97.85,96.83,97.24,97.15,98.24,98.40,98.73,99.01,98.96,98.97,98.98,98.96,98.92,98.93,98.94,,,,,,,,,,,,,,,,,,,,,,,,,,,,,,
Jambi,,97.96,96.94,97.00,97.60,97.93,98.49,98.62,98.74,98.72,98.82,98.85,98.72,98.34,98.48,98.61,98.66,94.92,93.11,91.77,92.65,94.16,95.76,95.99,96.34,96.85,96.59,96.67,96.73,96.83,96.75,96.83,96.61,96.44,95.06,94.43,95.19,96.10,97.16,97.34,97.58,97.81,97.73,97.78,97.75,97.59,97.64,97.74,97.65,,,,,,,,,,,,,,,,,,,,,,,,,,,,,,
Sumatera Selatan,,96.54,97.89,97.62,97.99,98.08,98.69,98.67,99.25,99.03,99.02,98.92,99.04,99.01,98.93,98.89,98.77,89.63,95.74,94.52,94.13,95.21,96.69,96.56,96.95,97.23,97.24,97.59,97.48,97.54,97.28,97.55,97.70,93.14,96.83,96.13,96.11,96.68,97.72,97.64,98.13,98.15,98.15,98.26,98.27,98.29,98.13,98.23,98.25,,,,,,,,,,,,,,,,,,,,,,,,,,,,,,
Bengkulu,,97.01,96.95,96.78,97.39,98.08,98.77,98.69,98.82,98.85,98.77,98.84,98.77,98.55,98.25,98.41,98.72,90.98,90.98,90.70,91.38,92.56,94.22,95.07,95.11,96.28,95.76,95.94,96.06,95.93,96.08,96.14,96.01,94.09,94.02,93.83,94.47,95.40,96.55,96.93,97.03,97.60,97.31,97.42,97.43,97.27,97.20,97.31,97.40,,,,,,,,,,,,,,,,,,,,,,,,,,,,,,
Lampung,,98.39,95.78,96.82,96.83,97.44,96.90,98.05,97.80,98.16,97.97,98.13,98.08,98.06,97.46,97.82,97.83,88.65,91.62,91.28,91.49,92.76,94.79,94.13,94.43,95.13,94.67,94.90,95.17,95.20,95.73,95.57,95.60,93.74,93.76,94.17,94.26,95.17,95.88,96.15,96.18,96.69,96.38,96.55,96.66,96.67,96.62,96.73,96.75,,,,,,,,,,,,,,,,,,,,,,,,,,,,,,
Kepulauan Bangka Belitung,,96.70,96.30,96.52,96.73,97.23,98.27,97.83,98.14,98.81,97.99,98.28,98.47,98.81,98.12,98.47,98.86,90.13,91.34,90.54,91.27,92.85,94.55,95.57,94.91,95.91,96.02,96.27,96.09,95.78,96.54,96.36,95.81,93.49,93.91,93.63,94.14,95.14,96.50,96.76,96.61,97.44,97.06,97.31,97.32,97.32,97.37,97.47,97.41,,,,,,,,,,,,,,,,,,,,,,,,,,,,,,
Kepulauan Riau,,97.79,95.32,95.56,95.86,96.24,97.39,96.62,97.04,98.44,97.44,96.59,97.19,96.51,98.57,96.98,98.26,91.71,89.50,93.86,90.95,89.65,93.15,95.05,94.88,95.19,95.56,96.48,95.51,96.09,93.05,95.25,95.25,94.73,92.50,94.73,93.52,93.16,95.39,95.88,96.00,96.88,96.54,96.54,96.34,96.30,96.04,96.18,96.86,,,,,,,,,,,,,,,,,,,,,,,,,,,,,,
DKI Jakarta,,-,-,-,-,-,-,-,-,-,-,-,-,-,-,-,-,-,-,-,-,-,-,-,-,-,-,-,-,-,-,-,-,-,-,-,-,-,-,-,-,-,-,-,-,-,-,-,-,,,,,,,,,,,,,,,,,,,,,,,,,,,,,,
Jawa Barat,,96.59,96.28,96.74,96.64,97.39,98.35,98.25,98.44,98.38,98.57,98.76,98.72,98.82,98.59,98.67,98.57,91.97,92.06,92.16,91.99,92.52,95.42,95.63,96.42,96.14,96.93,96.90,97.07,96.83,96.94,97.07,97.14,94.22,94.18,94.51,94.35,94.98,96.90,96.95,97.44,97.27,97.76,97.79,97.86,97.79,97.78,97.88,97.86,,,,,,,,,,,,,,,,,,,,,,,,,,,,,,
Jawa Tengah,,91.84,91.61,92.95,93.13,94.07,94.81,95.39,95.30,95.59,95.00,95.11,94.97,95.19,94.73,95.50,95.23,76.47,83.53,84.44,83.87,84.83,88.35,87.97,88.18,89.28,88.15,88.49,88.82,88.93,90.31,89.83,90.30,83.76,87.48,88.62,88.43,89.36,91.52,91.61,91.68,92.39,91.52,91.67,91.78,91.95,92.53,92.63,92.74,,,,,,,,,,,,,,,,,,,,,,,,,,,,,,
DI Yogyakarta,,89.34,90.47,93.99,92.81,93.25,95.80,94.63,93.94,95.51,93.89,95.45,94.12,94.99,94.41,95.01,96.04,76.10,76.91,81.85,82.86,82.56,87.73,86.37,87.64,86.90,86.38,85.52,86.78,86.07,87.19,87.60,87.72,82.38,83.40,87.67,87.64,87.68,91.61,90.30,90.63,91.08,89.97,90.20,90.23,90.31,90.66,91.10,91.66,,,,,,,,,,,,,,,,,,,,,,,,,,,,,,
Jawa Timur,,95.95,89.29,90.33,90.33,91.78,91.77,92.46,92.33,92.96,92.47,92.75,92.42,92.21,92.83,93.71,93.11,91.13,78.33,78.61,79.61,80.67,85.07,83.75,83.69,85.26,84.01,84.86,85.28,85.35,87.16,87.61,88.25,93.55,83.63,84.28,84.79,86.06,88.32,87.98,87.88,89.02,88.12,88.63,88.69,88.63,89.95,90.57,90.60,,,,,,,,,,,,,,,,,,,,,,,,,,,,,,
Banten,,91.91,95.54,97.14,97.60,97.29,98.18,97.81,97.63,98.42,98.32,98.02,97.73,97.86,97.83,98.58,97.56,81.43,92.36,91.86,91.42,93.60,96.09,93.39,94.44,95.50,94.00,94.40,94.94,94.63,96.22,95.66,96.17,86.43,93.99,94.58,94.60,95.49,97.16,95.64,96.08,96.99,96.21,96.19,96.32,96.24,97.05,97.15,96.88,,,,,,,,,,,,,,,,,,,,,,,,,,,,,,
Bali,,88.66,88.59,91.50,92.86,92.88,93.23,94.22,93.44,94.27,93.47,94.65,93.28,94.28,94.66,94.85,95.25,74.01,76.40,78.30,78.23,78.24,82.11,83.54,83.56,84.83,82.22,83.75,86.15,85.63,87.76,87.83,89.03,81.23,82.48,84.85,85.48,85.50,87.60,88.83,88.47,89.53,87.77,89.01,89.60,89.82,91.17,91.29,92.09,,,,,,,,,,,,,,,,,,,,,,,,,,,,,,
Nusa Tenggara Barat,,84.87,83.57,86.30,86.71,86.91,88.43,88.76,89.47,90.42,90.17,90.49,89.73,89.53,89.88,90.57,91.15,71.61,73.43,75.59,75.97,77.54,80.75,80.83,81.13,83.65,80.85,80.89,81.31,80.68,83.69,83.38,84.61,77.54,78.18,80.58,81.04,81.96,84.36,84.59,85.08,86.90,85.28,85.38,85.25,84.93,86.77,86.92,87.83,,,,,,,,,,,,,,,,,,,,,,,,,,,,,,
Nusa Tenggara Timur,,88.35,88.70,88.21,88.39,90.68,91.02,91.24,91.60,92.85,91.93,93.32,92.91,93.65,94.21,95.10,95.04,83.47,83.87,83.36,84.73,86.70,88.65,88.22,88.18,89.86,88.74,90.12,90.97,91.42,92.68,92.88,93.48,85.81,86.20,85.69,86.51,88.63,89.79,89.69,89.84,91.32,90.29,91.67,91.91,92.50,93.44,93.96,94.24,,,,,,,,,,,,,,,,,,,,,,,,,,,,,,
Kalimantan Barat,,92.90,91.53,93.57,93.82,94.48,94.82,94.65,94.81,94.86,94.53,95.26,94.82,94.64,94.33,95.79,95.49,83.22,85.40,82.88,84.77,84.63,86.67,87.31,86.84,88.73,87.24,87.87,88.67,88.75,89.93,91.08,92.25,88.00,88.54,88.34,89.42,89.67,90.86,91.09,90.95,91.88,90.97,91.61,91.79,91.73,92.22,93.50,93.91,,,,,,,,,,,,,,,,,,,,,,,,,,,,,,
Kalimantan Tengah,,98.18,97.68,98.02,98.25,98.83,99.43,99.07,99.29,99.29,99.34,99.38,99.48,99.18,99.38,99.19,98.87,96.01,96.06,95.43,95.57,96.90,98.04,98.29,98.13,98.37,98.68,98.70,98.48,98.54,98.37,98.26,97.85,97.09,96.92,96.79,97.00,97.92,98.78,98.70,98.75,98.86,99.03,99.06,99.00,98.87,98.91,98.75,98.39,,,,,,,,,,,,,,,,,,,,,,,,,,,,,,
Kalimantan Selatan,,96.32,96.69,96.73,97.40,98.15,98.97,99.04,99.13,98.97,98.93,99.17,98.91,98.82,98.73,98.74,98.61,90.39,91.82,91.54,92.70,93.64,96.02,96.15,96.56,97.05,96.89,96.79,96.90,96.38,96.55,96.48,96.87,93.28,94.27,94.11,95.06,95.92,97.50,97.61,97.85,98.02,97.92,97.98,97.91,97.60,97.65,97.61,97.74,,,,,,,,,,,,,,,,,,,,,,,,,,,,,,
Kalimantan Timur,,96.64,96.13,97.03,97.26,97.16,98.32,98.62,98.75,99.26,98.95,98.67,99.09,99.10,99.07,98.86,98.32,92.92,94.00,93.75,94.08,93.62,96.14,96.35,96.86,98.09,97.75,98.35,97.68,97.36,97.42,97.88,98.47,94.84,95.15,95.52,95.81,95.53,97.32,97.58,97.89,98.72,98.40,98.52,98.42,98.27,98.31,98.40,98.39,,,,,,,,,,,,,,,,,,,,,,,,,,,,,,
Kalimantan Utara,,-,-,-,-,-,-,94.83,94.22,95.03,94.32,95.68,95.96,95.83,96.36,97.04,96.83,-,-,-,-,-,-,88.53,90.77,91.31,92.00,92.73,93.72,93.19,94.62,94.20,93.39,-,-,-,-,-,-,91.95,92.68,93.33,93.26,94.36,94.91,94.57,95.58,95.74,95.24,,,,,,,,,,,,,,,,,,,,,,,,,,,,,,
Sulawesi Utara,,99.25,99.37,98.75,98.69,99.16,99.69,99.57,99.83,99.59,99.73,99.64,99.73,99.79,99.67,99.73,99.77,98.73,99.07,98.30,97.90,98.41,99.22,99.39,99.68,99.66,99.89,99.75,99.65,99.61,99.78,99.74,99.47,99.00,99.22,98.53,98.31,98.80,99.46,99.48,99.76,99.63,99.81,99.69,99.69,99.70,99.72,99.74,99.62,,,,,,,,,,,,,,,,,,,,,,,,,,,,,,
Sulawesi Tengah,,87.05,96.13,95.29,95.04,96.13,97.42,97.85,97.63,97.89,98.08,97.95,98.31,98.29,97.90,98.21,98.54,79.80,94.32,91.51,92.36,93.56,95.13,95.71,96.20,96.69,96.30,97.27,96.95,97.01,96.71,96.63,97.08,83.15,95.25,93.45,93.74,94.89,96.31,96.81,96.94,97.31,97.22,97.62,97.65,97.66,97.33,97.44,97.83,,,,,,,,,,,,,,,,,,,,,,,,,,,,,,
Sulawesi Selatan,,93.74,86.60,86.94,87.95,89.90,90.97,90.81,91.04,91.65,90.67,91.23,91.10,90.97,91.51,92.68,92.79,85.78,80.62,81.95,83.15,84.14,86.61,85.73,85.74,87.64,86.61,87.04,87.64,87.12,88.60,89.05,89.28,89.63,83.44,84.34,85.42,86.87,88.68,88.15,88.26,89.57,88.55,89.02,89.27,88.95,90.02,90.79,90.97,,,,,,,,,,,,,,,,,,,,,,,,,,,,,,
Sulawesi Tenggara,,88.72,93.35,93.48,92.84,94.48,95.71,95.71,95.66,96.31,95.59,95.81,96.12,95.75,95.80,96.76,96.69,80.85,86.64,86.13,86.30,87.24,88.95,89.71,89.82,92.50,90.50,90.67,91.22,91.72,93.56,93.20,93.81,84.75,89.95,89.78,89.54,90.83,92.31,92.69,92.75,94.40,93.02,93.20,93.64,93.70,94.70,94.96,95.24,,,,,,,,,,,,,,,,,,,,,,,,,,,,,,
Gorontalo,,96.30,95.90,92.91,93.76,95.52,96.18,97.55,98.23,97.99,98.04,98.59,98.04,98.28,97.56,97.59,97.90,93.31,94.52,93.61,94.17,96.35,98.19,98.16,98.16,98.28,98.31,97.79,98.41,98.08,97.83,98.01,97.90,94.84,95.20,93.26,93.96,95.93,97.17,97.86,98.20,98.13,98.18,98.19,98.22,98.18,97.69,97.80,97.90,,,,,,,,,,,,,,,,,,,,,,,,,,,,,,
Sulawesi Barat,,94.67,90.13,90.29,89.96,92.68,93.10,93.90,93.73,94.42,93.92,94.07,94.03,94.73,95.34,94.95,95.98,94.82,84.28,81.73,85.46,86.05,88.94,89.90,90.48,92.12,90.47,91.58,91.01,90.21,90.73,92.23,92.82,94.75,87.18,85.98,87.69,89.35,91.01,91.89,92.10,93.28,92.20,92.82,92.51,92.47,93.09,93.60,94.41,,,,,,,,,,,,,,,,,,,,,,,,,,,,,,
Maluku,,97.86,97.28,96.62,97.27,97.76,98.75,98.93,98.95,99.32,99.08,99.24,99.45,99.28,99.36,99.37,99.69,95.61,95.43,94.36,94.98,96.06,97.64,97.79,97.96,98.51,98.69,99.00,98.80,99.06,98.93,99.12,98.99,96.72,96.35,95.50,96.14,96.91,98.20,98.36,98.46,98.92,98.88,99.12,99.12,99.17,99.14,99.24,99.34,,,,,,,,,,,,,,,,,,,,,,,,,,,,,,
Maluku Utara,,96.77,96.81,96.77,97.13,97.88,98.91,98.80,98.84,99.02,99.09,98.98,99.00,99.21,98.96,99.31,99.04,92.29,93.18,92.92,93.66,95.40,96.77,97.27,97.82,97.94,97.77,97.90,97.86,97.49,97.90,97.64,98.04,94.56,95.02,94.91,95.43,96.67,97.86,98.06,98.34,98.49,98.44,98.44,98.44,98.36,98.45,98.49,98.54,,,,,,,,,,,,,,,,,,,,,,,,,,,,,,
Papua Barat,,93.94,95.97,93.70,94.84,96.49,98.14,97.27,96.93,97.28,97.39,97.97,97.48,97.99,97.23,97.53,97.58,86.80,90.45,86.05,88.06,90.66,92.14,93.04,93.82,94.35,94.67,94.77,94.94,95.71,95.49,95.60,96.65,90.53,93.37,89.92,91.66,93.76,95.34,95.31,95.49,95.91,96.13,96.46,96.28,96.90,96.40,96.61,97.14,,,,,,,,,,,,,,,,,,,,,,,,,,,,,,
Papua Barat Daya,,-,-,-,-,-,-,-,-,-,-,-,-,-,-,-,97.23,-,-,-,-,-,-,-,-,-,-,-,-,-,-,-,94.80,-,-,-,-,-,-,-,-,-,-,-,-,-,-,-,96.06,,,,,,,,,,,,,,,,,,,,,,,,,,,,,,
Papua,,67.88,62.59,60.59,61.63,63.64,68.12,67.75,67.98,73.80,74.51,74.98,74.94,73.60,76.82,80.15,97.87,54.63,50.62,43.12,45.85,47.47,52.09,55.31,53.07,61.30,60.97,63.06,62.64,67.23,71.87,76.03,95.99,61.34,56.80,52.22,54.11,55.93,60.49,61.80,60.87,67.85,68.05,69.29,69.07,70.56,74.49,78.18,96.96,,,,,,,,,,,,,,,,,,,,,,,,,,,,,,
Papua Selatan,,-,-,-,-,-,-,-,-,-,-,-,-,-,-,-,93.43,-,-,-,-,-,-,-,-,-,-,-,-,-,-,-,89.74,-,-,-,-,-,-,-,-,-,-,-,-,-,-,-,91.64,,,,,,,,,,,,,,,,,,,,,,,,,,,,,,
Papua Tengah,,-,-,-,-,-,-,-,-,-,-,-,-,-,-,-,82.21,-,-,-,-,-,-,-,-,-,-,-,-,-,-,-,78.23,-,-,-,-,-,-,-,-,-,-,-,-,-,-,-,80.30,,,,,,,,,,,,,,,,,,,,,,,,,,,,,,
Papua Pegunungan,,-,-,-,-,-,-,-,-,-,-,-,-,-,-,-,71.14,-,-,-,-,-,-,-,-,-,-,-,-,-,-,-,66.03,-,-,-,-,-,-,-,-,-,-,-,-,-,-,-,68.71,,,,,,,,,,,,,,,,,,,,,,,,,,,,,,
INDONESIA,,93.46,92.86,93.48,93.65,94.56,95.21,95.51,95.53,95.95,95.67,95.86,95.72,95.69,95.76,96.30,96.16,85.62,86.55,86.30,86.72,87.71,90.56,90.32,90.54,91.62,90.93,91.34,91.65,91.68,92.65,92.78,93.15,89.42,89.68,89.89,90.18,91.12,92.88,92.91,93.03,93.79,93.30,93.56,93.64,93.65,94.21,94.54,94.66,,,,,,,,,,,,,,,,,,,,,,,,,,,,,,
,,,,,,,,,,,,,,,,,,,,,,,,,,,,,,,,,,,,,,,,,,,,,,,,,,,,,,,,,,,,,,,,,,,,,,,,,,,,,,,
,,,,,,,,,,,,,,,,,,,,,,,,,,,,,,,,,,,,,,,,,,,,,,,,,,,,,,,,,,,,,,,,,,,,,,,,,,,,,,,
Province,Urban-Rural Classification,Urban+Rural,,,,,,,,,,,,,,,,,,,,,,,,,,,,,,,,,,,,,,,,,,,,,,,,,,,,,,,,,,,,,,,,,,,,,,,,,,,,,
,Sex,Male,,,,,,,,,,,,,,,,Female,,,,,,,,,,,,,,,,Male+Female,,,,,,,,,,,,,,,,,,,,,,,,,,,,,,,,,,,,,,,,,,,,,
,Year,2009,2010,2011,2012,2013,2014,2015,2016,2017,2018,2019,2020,2021,2022,2023,2024,2009,2010,2011,2012,2013,2014,2015,2016,2017,2018,2019,2020,2021,2022,2023,2024,2009,2010,2011,2012,2013,2014,2015,2016,2017,2018,2019,2020,2021,2022,2023,2024,,,,,,,,,,,,,,,,,,,,,,,,,,,,,,
Aceh,,97.95,97.82,97.68,97.92,98.32,98.41,98.75,99.02,99.09,98.99,99.03,99.00,99.10,98.90,99.03,98.80,94.99,95.97,94.05,94.35,95.06,96.45,96.53,96.51,97.22,97.09,97.41,97.52,97.39,97.60,97.67,97.88,96.39,96.88,95.84,96.11,96.66,97.42,97.63,97.74,98.15,98.03,98.21,98.25,98.24,98.25,98.34,98.34,,,,,,,,,,,,,,,,,,,,,,,,,,,,,,
Sumatera Utara,,98.61,98.41,98.17,98.60,98.86,99.28,99.32,99.39,99.46,99.53,99.60,99.54,99.54,99.50,99.49,99.50,95.79,96.26,95.50,96.13,96.79,97.88,98.04,98.38,98.47,98.61,98.70,98.79,98.84,98.73,98.85,98.68,97.15,97.32,96.83,97.35,97.81,98.57,98.68,98.88,98.96,99.07,99.15,99.16,99.19,99.11,99.17,99.09,,,,,,,,,,,,,,,,,,,,,,,,,,,,,,
Sumatera Barat,,98.24,97.82,97.60,97.86,98.41,98.94,99.29,99.37,99.45,99.46,99.48,99.46,99.54,99.65,99.65,99.60,95.50,96.40,94.84,95.54,96.40,97.95,97.85,98.27,98.42,98.69,98.87,98.90,99.00,98.93,98.98,99.14,96.81,97.09,96.20,96.67,97.38,98.44,98.56,98.81,98.93,99.07,99.17,99.17,99.26,99.29,99.31,99.37,,,,,,,,,,,,,,,,,,,,,,,,,,,,,,
Riau,,98.95,98.82,98.52,98.73,98.78,99.28,99.55,99.56,99.50,99.55,99.53,99.57,99.46,99.46,99.60,99.53,97.25,97.87,96.67,96.80,96.94,98.18,98.16,98.56,98.90,98.83,98.88,98.86,98.92,98.88,98.75,98.86,98.11,98.35,97.61,97.79,97.88,98.75,98.87,99.07,99.21,99.20,99.21,99.23,99.20,99.18,99.18,99.20,,,,,,,,,,,,,,,,,,,,,,,,,,,,,,
Jambi,,98.41,97.41,97.57,98.07,98.27,98.76,98.88,98.87,99.03,99.08,99.16,98.90,98.68,98.77,98.89,98.88,96.04,94.31,93.41,93.76,95.10,96.73,96.75,97.11,97.50,97.17,97.21,97.45,97.47,97.41,97.42,97.15,97.21,95.88,95.52,95.97,96.72,97.77,97.84,98.01,98.28,98.15,98.20,98.19,98.08,98.10,98.16,98.02,,,,,,,,,,,,,,,,,,,,,,,,,,,,,,
Sumatera Selatan,,97.46,98.18,98.07,98.37,98.43,98.96,98.90,99.37,99.32,99.29,99.22,99.30,99.28,99.16,99.24,99.09,92.35,96.52,95.18,95.40,96.01,97.29,97.52,97.53,97.96,98.00,98.29,98.19,98.27,98.12,98.20,98.26,94.90,97.36,96.65,96.90,97.24,98.14,98.22,98.46,98.65,98.66,98.76,98.75,98.78,98.65,98.73,98.68,,,,,,,,,,,,,,,,,,,,,,,,,,,,,,
Bengkulu,,97.65,97.58,97.52,97.83,98.52,99.13,98.94,99.07,99.05,98.96,99.11,99.07,98.89,98.56,98.74,98.82,93.16,92.99,92.65,93.46,94.37,95.85,96.27,96.37,97.00,96.82,96.86,96.90,96.83,97.01,97.01,96.97,95.41,95.30,95.13,95.69,96.48,97.52,97.63,97.75,98.04,97.91,98.01,98.01,97.88,97.80,97.89,97.91,,,,,,,,,,,,,,,,,,,,,,,,,,,,,,
Lampung,,98.68,96.45,97.31,97.36,97.84,97.38,98.34,98.08,98.46,98.33,98.45,98.45,98.51,98.05,98.26,98.19,93.38,92.73,92.57,92.77,93.66,95.66,94.89,95.42,95.88,95.47,95.72,95.96,95.98,96.41,96.37,96.49,96.08,94.64,95.02,95.13,95.81,96.54,96.67,96.78,97.21,96.93,97.11,97.24,97.28,97.25,97.33,97.36,,,,,,,,,,,,,,,,,,,,,,,,,,,,,,
Kepulauan Bangka Belitung,,97.27,97.34,97.56,97.87,97.77,98.65,98.41,98.86,98.89,98.54,98.99,98.82,99.05,98.72,98.98,99.12,91.41,93.45,93.51,93.70,94.94,96.47,96.78,96.35,96.97,96.91,97.11,97.26,97.08,97.58,97.47,97.25,94.37,95.46,95.60,95.88,96.41,97.60,97.63,97.66,97.97,97.76,98.09,98.08,98.10,98.17,98.24,98.20,,,,,,,,,,,,,,,,,,,,,,,,,,,,,,
Kepulauan Riau,,98.09,98.20,98.28,98.49,98.97,99.26,99.03,99.20,99.28,99.26,99.18,99.45,99.26,99.48,99.35,99.46,92.97,96.21,97.06,97.08,96.82,98.14,98.53,98.48,98.47,98.46,98.82,98.53,98.92,98.56,98.74,98.92,95.51,97.19,97.67,97.80,97.91,98.71,98.79,98.84,98.88,98.87,99.00,99.00,99.09,99.02,99.05,99.20,,,,,,,,,,,,,,,,,,,,,,,,,,,,,,
DKI Jakarta,,99.59,99.43,99.47,99.66,99.65,99.90,99.84,99.85,99.76,99.89,99.91,99.81,99.79,99.83,99.74,99.78,98.34,98.83,98.21,98.48,98.62,99.17,99.33,99.43,99.61,99.55,99.57,99.57,99.67,99.55,99.65,99.52,98.94,99.13,98.83,99.07,99.13,99.54,99.59,99.64,99.68,99.72,99.74,99.69,99.73,99.69,99.69,99.65,,,,,,,,,,,,,,,,,,,,,,,,,,,,,,
Jawa Barat,,97.76,97.76,97.65,97.84,98.28,98.92,98.86,98.91,99.08,99.14,99.14,99.30,99.29,99.03,99.14,98.99,94.25,94.60,94.24,94.46,95.09,96.97,97.14,97.51,97.67,97.81,97.90,97.96,97.93,97.93,97.88,98.13,95.98,96.18,95.96,96.18,96.70,97.96,98.01,98.22,98.38,98.48,98.53,98.63,98.62,98.49,98.51,98.57,,,,,,,,,,,,,,,,,,,,,,,,,,,,,,
Jawa Tengah,,95.26,93.59,94.38,94.50,95.33,95.64,96.36,96.33,96.72,96.32,96.29,96.23,96.26,96.20,96.68,96.55,85.53,86.48,86.46,86.54,87.38,90.42,90.01,90.38,91.34,90.68,90.90,91.11,91.39,92.34,92.06,92.51,90.18,89.95,90.34,90.45,91.27,92.98,93.12,93.30,93.99,93.45,93.54,93.62,93.79,94.26,94.34,94.50,,,,,,,,,,,,,,,,,,,,,,,,,,,,,,
DI Yogyakarta,,92.96,95.83,96.28,95.75,96.74,96.99,97.35,97.21,97.56,97.09,97.87,97.40,97.46,97.15,97.46,97.73,83.09,86.11,87.09,88.46,89.06,91.98,91.78,92.07,92.68,92.66,92.16,92.86,93.05,93.21,93.77,93.64,87.80,90.84,91.49,92.02,92.82,94.44,94.50,94.59,95.09,94.83,94.96,95.09,95.22,95.15,95.59,95.65,,,,,,,,,,,,,,,,,,,,,,,,,,,,,,
Jawa Timur,,97.74,92.77,93.25,93.60,94.42,93.89,94.94,94.93,95.41,94.99,95.23,95.19,95.15,95.41,96.10,95.89,94.14,84.16,84.05,85.18,86.07,88.96,88.17,88.41,89.75,88.85,89.53,89.92,90.06,91.28,91.39,92.44,95.95,88.34,88.52,89.28,90.14,91.36,91.47,91.59,92.53,91.85,92.32,92.50,92.56,93.32,93.70,94.13,,,,,,,,,,,,,,,,,,,,,,,,,,,,,,
Banten,,94.02,97.56,97.90,98.42,98.34,98.51,98.57,98.67,98.86,98.85,98.87,98.87,98.84,98.76,99.10,98.92,85.26,94.81,94.56,94.53,94.89,95.92,96.14,96.38,96.68,96.34,96.32,96.86,96.69,97.54,97.36,97.88,89.46,96.20,96.25,96.51,96.64,97.24,97.37,97.55,97.79,97.62,97.62,97.88,97.78,98.16,98.23,98.41,,,,,,,,,,,,,,,,,,,,,,,,,,,,,,
Bali,,92.92,93.01,94.60,95.30,95.93,96.28,96.57,96.37,96.76,96.49,97.38,96.99,97.39,97.45,97.57,97.86,81.80,83.79,83.84,85.03,85.73,88.85,88.94,89.23,90.39,89.48,91.66,92.59,92.59,93.61,93.63,93.71,87.22,88.40,89.17,90.17,90.84,92.56,92.77,92.82,93.59,92.98,94.53,94.80,95.00,95.53,95.61,95.79,,,,,,,,,,,,,,,,,,,,,,,,,,,,,,
Nusa Tenggara Barat,,87.07,85.94,88.57,88.74,89.22,90.56,90.83,91.12,92.05,91.86,92.12,91.19,91.02,91.38,92.05,92.70,74.56,76.74,78.64,79.17,80.60,83.76,83.50,83.42,85.30,83.42,83.49,84.34,83.95,86.59,86.31,87.07,80.18,81.05,83.24,83.68,84.67,86.96,86.97,87.06,88.53,87.42,87.59,87.60,87.39,88.97,89.11,89.83,,,,,,,,,,,,,,,,,,,,,,,,,,,,,,
Nusa Tenggara Timur,,90.24,90.76,89.84,90.52,92.13,92.39,92.84,93.16,94.13,93.30,94.66,94.22,94.84,95.26,96.14,95.75,85.85,86.56,85.58,87.04,88.69,90.04,90.12,89.97,91.42,90.57,91.87,92.45,92.91,94.01,94.13,94.57,87.96,88.59,87.63,88.73,90.36,91.18,91.45,91.52,92.75,91.90,93.24,93.31,93.85,94.63,95.11,95.15,,,,,,,,,,,,,,,,,,,,,,,,,,,,,,
Kalimantan Barat,,94.13,92.86,94.41,94.81,95.33,95.36,95.41,95.74,95.76,95.58,96.14,95.91,95.87,95.48,96.56,96.42,85.35,87.58,85.55,87.31,87.21,89.14,89.10,88.93,90.65,89.48,90.20,90.83,90.88,92.36,92.99,93.60,89.70,90.26,90.03,91.13,91.34,92.30,92.32,92.39,93.25,92.58,93.21,93.41,93.41,93.96,94.79,95.03,,,,,,,,,,,,,,,,,,,,,,,,,,,,,,
Kalimantan Tengah,,98.50,98.21,98.18,98.48,98.84,99.46,99.26,99.52,99.46,99.48,99.54,99.65,99.34,99.43,99.27,99.17,96.29,96.69,95.44,96.38,96.91,98.12,98.45,98.36,98.66,98.91,98.86,98.69,98.83,98.78,98.78,98.47,97.39,97.48,96.86,97.48,97.93,98.82,98.88,98.97,99.08,99.21,99.22,99.20,99.10,99.12,99.03,98.83,,,,,,,,,,,,,,,,,,,,,,,,,,,,,,
Kalimantan Selatan,,97.49,97.60,97.72,98.19,98.72,99.32,99.23,99.33,99.27,99.19,99.23,99.15,99.15,99.07,99.10,99.03,93.45,94.26,93.65,94.65,95.34,97.05,97.17,97.22,97.75,97.63,97.76,97.75,97.37,97.63,97.64,97.65,95.41,95.94,95.66,96.43,97.04,98.19,98.21,98.28,98.52,98.42,98.50,98.45,98.27,98.36,98.37,98.34,,,,,,,,,,,,,,,,,,,,,,,,,,,,,,
Kalimantan Timur,,98.19,97.69,98.11,98.41,98.52,99.19,99.20,99.32,99.48,99.34,99.28,99.44,99.30,99.42,99.46,99.15,95.51,96.33,95.75,96.57,96.38,97.92,98.12,98.25,98.54,98.53,98.75,98.44,98.48,98.49,98.54,98.75,96.89,97.05,96.99,97.55,97.51,98.59,98.69,98.82,99.04,98.96,99.03,98.97,98.90,98.97,99.01,98.96,,,,,,,,,,,,,,,,,,,,,,,,,,,,,,
Kalimantan Utara,,-,-,-,-,-,-,96.66,95.95,96.50,96.01,97.41,97.52,97.00,98.26,98.34,98.09,-,-,-,-,-,-,93.08,94.01,94.63,94.21,95.22,95.71,96.04,97.09,97.17,96.57,-,-,-,-,-,-,94.99,95.05,95.63,95.18,96.39,96.66,96.55,97.71,97.78,97.37,,,,,,,,,,,,,,,,,,,,,,,,,,,,,,
Sulawesi Utara,,99.43,99.41,99.01,99.03,99.32,99.78,99.69,99.87,99.71,99.83,99.76,99.82,99.82,99.79,99.78,99.83,99.02,99.18,98.69,98.66,98.92,99.42,99.56,99.71,99.74,99.92,99.83,99.76,99.78,99.84,99.80,99.65,99.22,99.30,98.85,98.85,99.13,99.60,99.63,99.79,99.73,99.87,99.80,99.79,99.80,99.81,99.79,99.75,,,,,,,,,,,,,,,,,,,,,,,,,,,,,,
Sulawesi Tengah,,90.29,96.85,96.02,96.04,96.98,97.99,98.24,98.11,98.33,98.50,98.54,98.77,98.82,98.46,98.63,98.83,84.19,95.28,92.95,93.80,94.87,96.11,96.41,96.88,97.31,97.22,97.88,97.70,97.73,97.63,97.65,97.86,87.02,96.08,94.51,94.95,95.95,97.08,97.34,97.51,97.83,97.87,98.22,98.24,98.28,98.05,98.14,98.35,,,,,,,,,,,,,,,,,,,,,,,,,,,,,,
Sulawesi Selatan,,94.97,90.21,90.30,90.84,92.53,93.10,93.26,93.59,94.06,93.56,94.16,93.83,93.88,94.32,95.23,95.18,88.28,85.54,86.06,86.80,87.99,89.58,89.47,89.63,91.11,90.19,90.87,91.39,91.19,92.35,92.53,93.11,91.51,87.75,88.07,88.73,90.16,91.26,91.29,91.52,92.53,91.81,92.45,92.56,92.49,93.31,93.83,94.11,,,,,,,,,,,,,,,,,,,,,,,,,,,,,,
Sulawesi Tenggara,,90.87,94.71,94.50,94.24,95.75,96.82,96.57,96.52,96.86,96.44,96.88,96.86,96.77,96.69,97.44,97.30,84.41,89.07,88.16,88.81,89.55,91.29,91.69,91.97,93.26,92.51,92.96,93.14,93.12,94.88,94.66,95.29,87.59,91.85,91.29,91.49,92.61,94.03,94.10,94.25,95.05,94.46,94.91,95.00,94.94,95.79,96.03,96.29,,,,,,,,,,,,,,,,,,,,,,,,,,,,,,
Gorontalo,,97.04,96.44,94.42,95.03,96.56,97.16,98.02,98.49,98.34,98.48,98.91,98.64,98.78,98.40,98.47,98.47,94.50,95.58,94.96,95.41,97.10,98.63,98.45,98.39,98.61,98.77,98.60,98.86,98.72,98.44,98.52,98.62,95.78,96.00,94.69,95.22,96.83,97.90,98.24,98.44,98.47,98.63,98.75,98.75,98.75,98.42,98.49,98.55,,,,,,,,,,,,,,,,,,,,,,,,,,,,,,
Sulawesi Barat,,95.66,91.00,91.36,90.98,93.58,93.79,94.44,94.22,94.68,94.49,94.75,94.84,95.08,95.72,95.67,96.20,95.77,86.03,83.95,86.66,88.06,90.77,90.88,91.31,92.74,91.23,92.45,91.51,91.09,91.84,92.99,93.81,95.71,88.48,87.61,88.79,90.79,92.27,92.64,92.75,93.71,92.85,93.59,93.17,93.09,93.82,94.33,95.00,,,,,,,,,,,,,,,,,,,,,,,,,,,,,,
Maluku,,98.26,98.11,97.48,98.03,98.53,99.17,99.31,99.27,99.46,99.40,99.50,99.66,99.46,99.56,99.59,99.79,96.63,96.83,95.77,96.13,97.14,98.38,98.39,98.61,98.92,99.03,99.28,99.17,99.38,99.24,99.35,99.28,97.42,97.46,96.63,97.08,97.83,98.77,98.85,98.94,99.19,99.22,99.39,99.42,99.42,99.40,99.47,99.53,,,,,,,,,,,,,,,,,,,,,,,,,,,,,,
Maluku Utara,,97.62,97.49,97.44,97.82,98.34,99.18,99.08,99.11,99.24,99.34,99.26,99.20,99.42,99.18,99.47,99.08,93.88,94.66,94.51,94.98,96.37,97.51,97.87,98.20,98.31,98.16,98.30,98.33,97.98,98.35,98.15,98.53,95.74,96.08,96.01,96.43,97.37,98.36,98.49,98.67,98.78,98.76,98.79,98.77,98.71,98.78,98.81,98.80,,,,,,,,,,,,,,,,,,,,,,,,,,,,,,
Papua Barat,,95.57,97.04,95.12,96.77,97.51,98.72,98.07,98.00,98.22,98.28,98.63,98.26,98.67,98.06,98.42,98.20,90.13,92.99,89.57,92.44,93.41,94.49,95.50,95.97,96.42,96.34,96.70,96.67,97.08,97.18,97.21,97.54,92.94,95.12,92.41,94.74,95.59,96.75,96.88,97.05,97.38,97.37,97.72,97.52,97.91,97.64,97.84,97.89,,,,,,,,,,,,,,,,,,,,,,,,,,,,,,
Papua Barat Daya,,-,-,-,-,-,-,-,-,-,-,-,-,-,-,-,98.36,-,-,-,-,-,-,-,-,-,-,-,-,-,-,-,97.29,-,-,-,-,-,-,-,-,-,-,-,-,-,-,-,97.84,,,,,,,,,,,,,,,,,,,,,,,,,,,,,,
Papua,,75.52,72.86,70.72,71.74,73.63,76.70,75.59,76.72,80.34,81.69,82.36,82.49,81.33,82.96,85.80,98.94,64.89,63.29,56.74,58.87,60.15,64.13,65.47,64.60,70.72,71.26,73.07,72.69,76.17,79.18,82.47,97.76,70.29,68.27,64.08,65.69,67.31,70.78,70.83,71.02,75.80,76.79,78.00,77.90,78.89,81.19,84.22,98.37,,,,,,,,,,,,,,,,,,,,,,,,,,,,,,
Papua Selatan,,-,-,-,-,-,-,-,-,-,-,-,-,-,-,-,95.48,-,-,-,-,-,-,-,-,-,-,-,-,-,-,-,92.88,-,-,-,-,-,-,-,-,-,-,-,-,-,-,-,94.21,,,,,,,,,,,,,,,,,,,,,,,,,,,,,,
Papua Tengah,,-,-,-,-,-,-,-,-,-,-,-,-,-,-,-,86.20,-,-,-,-,-,-,-,-,-,-,-,-,-,-,-,83.01,-,-,-,-,-,-,-,-,-,-,-,-,-,-,-,84.69,,,,,,,,,,,,,,,,,,,,,,,,,,,,,,
Papua Pegunungan,,-,-,-,-,-,-,-,-,-,-,-,-,-,-,-,72.69,-,-,-,-,-,-,-,-,-,-,-,-,-,-,-,67.83,-,-,-,-,-,-,-,-,-,-,-,-,-,-,-,70.37,,,,,,,,,,,,,,,,,,,,,,,,,,,,,,
INDONESIA,,95.65,95.35,95.59,95.87,96.47,96.79,97.11,97.17,97.47,97.33,97.48,97.45,97.43,97.42,97.77,97.69,89.68,90.52,90.07,90.64,91.40,93.45,93.34,93.59,94.36,93.99,94.33,94.55,94.65,95.26,95.29,95.66,92.58,92.91,92.81,93.25,93.92,95.12,95.22,95.38,95.92,95.66,95.90,96.00,96.04,96.35,96.53,96.67,,,,,,,,,,,,,,,,,,,,,,,,,,,,,,
,,,,,,,,,,,,,,,,,,,,,,,,,,,,,,,,,,,,,,,,,,,,,,,,,,,,,,,,,,,,,,,,,,,,,,,,,,,,,,,
"Source: BPS, Susenas KOR 2009-2024",,,,,,,,,,,,,,,,,,,,,,,,,,,,,,,,,,,,,,,,,,,,,,,,,,,,,,,,,,,,,,,,,,,,,,,,,,,,,,,